{"model_name": "SVC Best", "model_uid": "4c53742aefe849c8a52d327f809cc098", "training_time": "21:50:41", "training_date": "2024-01-04", "classification_report": {"0": {"precision": 0.7802547770700637, "recall": 0.5361050328227571, "f1-score": 0.635538261997406, "support": 457}, "1": {"precision": 0.857335127860027, "recall": 0.9486224869694714, "f1-score": 0.9006716154118064, "support": 1343}, "accuracy": 0.8438888888888889, "macro avg": {"precision": 0.8187949524650453, "recall": 0.7423637598961143, "f1-score": 0.7681049387046062, "support": 1800}, "weighted avg": {"precision": 0.8377652832427974, "recall": 0.8438888888888889, "f1-score": 0.8333572029060392, "support": 1800}}}